[
  {
    "StoreInfo": {
      "Id": 1,
      "StoreName": "Supliment Malt",
      "StoreUrl": "http://localhost:1001",
      "StoreOwner": "Awais Khan",
      "Description": "Your one-stop shop for the latest tech gadgets and accessories.",
      "Currency": "PKR",
      "StoreLogoUrl": "https://example.com/images/tech-haven-logo.png",
      "ContactEmail": "",
      "ContactPhone": "+92 300 1234567",
      "Address": "123 Tech Street, Karachi, Pakistan",
      "SupportedLanguages": [ "en", "ur" ],
      "TimeZone": "Pakistan Standard Time",
      "PaymentMethods": [ "CashOnDelivery", "CreditCard", "PayPal", "BankTransfer" ],
      "ShippingOptions": [ "Standard", "Express", "Overnight" ],
      "TaxRate": 0.15,
      "ReturnPolicy": "30-day return policy for unused products in original packaging.",
      "PrivacyPolicy": "We value your privacy and do not share your information with third parties without your consent.",
      "TermsOfService": "By using our services, you agree to our terms and conditions.",
      "AnalyticsTrackingId": "UA-12345678-9",
      "MaintenanceMode": false,
      "FeaturedProducts": [ 101, 102, 103, 104 ],
      "SocialMediaLinks": {
        "Facebook": "https://facebook.com/techhaven",
        "Twitter": "https://twitter.com/techhaven",
        "Instagram": "https://instagram.com/techhaven"
      }
    },
    "StoreLayoutConfigs": {
      "Theme": "Modern",
      "StoreLayout": "_WebStoreLayout1",
      "LayoutFileName": "_WebStoreLayout1.cshtml"
    }
  },
  {
    "StoreInfo": {
      "Id": 2,
      "StoreName": "Supliment Malt",
      "StoreUrl": "http://localhost:1002",
      "StoreOwner": "Awais Khan",
      "Description": "Your one-stop shop for the latest tech gadgets and accessories.",
      "Currency": "PKR",
      "StoreLogoUrl": "https://example.com/images/tech-haven-logo.png",
      "ContactEmail": "",
      "ContactPhone": "+92 300 1234567",
      "Address": "123 Tech Street, Karachi, Pakistan",
      "SupportedLanguages": [ "en", "ur" ],
      "TimeZone": "Pakistan Standard Time",
      "PaymentMethods": [ "CashOnDelivery", "CreditCard", "PayPal", "BankTransfer" ],
      "ShippingOptions": [ "Standard", "Express", "Overnight" ],
      "TaxRate": 0.15,
      "ReturnPolicy": "30-day return policy for unused products in original packaging.",
      "PrivacyPolicy": "We value your privacy and do not share your information with third parties without your consent.",
      "TermsOfService": "By using our services, you agree to our terms and conditions.",
      "AnalyticsTrackingId": "UA-12345678-9",
      "MaintenanceMode": false,
      "FeaturedProducts": [ 101, 102, 103, 104 ],
      "SocialMediaLinks": {
        "Facebook": "https://facebook.com/techhaven",
        "Twitter": "https://twitter.com/techhaven",
        "Instagram": "https://instagram.com/techhaven"
      }
    },
    "StoreLayoutConfigs": {
      "Theme": "Modern",
      "StoreLayout": "_WebStoreLayout2",
      "LayoutFileName": "_WebStoreLayout2.cshtml"
    }
  }
]
